3360,Pankh Hote To Ud Aati
3361,Zindagi Pyar Ka Geet Hai
3362,Chham Chham Nachti Aai Bahar
3363,Dheere Se Aaja Ri Ankhiyan Mein
3364,Dil Dhadke Nazar Sharmaye
3365,Halke Halke Aai Chalke
3366,Husn Pahadon Ka
3367,Jyoti Kalash Chhalke
3368,Kaise Din Beete Kaisi Beeti Ratiyan
3369,Kanha Chhedo Bansuri
3370,Ma Tulaja Bhawani
3371,Mila Hai Kisi Ka Jhumka
3372,Mohabbat Aesi Dhadkan Hai
3373,Na Bole Na Bole Re
3374,Sun Mann Ke Meet Mere Prem Geet
3375,Tak Tak Dhoom Dhoom Tak
3376,Tim Tim Karte Tare
3377,Tum Samne Baithe Raho
3378,Tumhi Ho Mata Pita Tumhi Ho
3379,Zamana Yeh Samjha
3380,Aaja Re O Mere
3381,Badal Pe Chalke Aa
3382,Kabootar Ja Ja Ja
3383,Maine Pyar Kiya
3384,Mausam Hai Ashiqana
3385,Mujhse Juda Hokar
3386,Na Jane Kya Hua
3387,Sham Dhale Khidki Tale
3388,Sun Sahiba Sun
3389,Tujhe Bulayen Yeh Meri Bahen
3390,Tumhi Meri Mandir
3391,Yeh Zindagi Usiki Hai
3392,Aaj Ki Mulaqat Bas Itni
3393,Aaja Shaam Hone Aaee
3394,Aap Kahen Aur Hum Na Aaye
3395,Aap Yun Faaslon Se
3396,Aaya Mausam Dosti Ka
3397,Bedardi Tere Pyar Ne
3398,Chori Chori Koi
3399,Dil Mein Tujhe Bithakar
3400,Goriya Re Goriya
3401,Jab Chaho Chali Aaoongi
3402,Jadugar Saiyan Chhod Mori Baiyan
3403,Jari Jari O Kari Badariya
3404,Kitna Haseen Hain Mausam
3405,Main Der Karta Nahin
3406,Mausam Ka Jaadu
3407,Pal Bhar Mein Yeh Kya Ho Gaya
3408,Rang Dil Ki Dhadkan Bhi Lati
3409,Saiyan Jhuthon Ka Bada Sartaj Nikla
3410,Sari Sari Raat Teri Yaad Sataye
3411,Tera Mera Saath Rahe
3412,Tere Sur Aur Mere Geet
3413,Teri Yaad Ne Mara
3414,Tu Chanda Main Chandni
3415,Zid Na Karo Ab To Ruko
3416,Zulmi Sang Ankh Ladi Re
3417,Aayega Aanewala
3418,Chitthiye
3419,Ek Radha Ek Meera
3420,Laut Ke Aaja Mere Meet
3421,Lo Aa Gayi Unki Yaad
3422,O Sajana Barkha Bahar Aayi
3423,Aaj Koi Nahin Apna
3424,Aaja Ab To Aaja
3425,Aaja Re Pyar Pukare
3426,Badal To Aaye
3427,Badle Badle Mere Sarkar
3428,Chhup Gaya Koi Re Door Se Pukar Ke
3429,Dil Ka Khilauna Hay Toot Gaya
3430,Dilwale Dukhde Bure
3431,Ek Dukhiyari Kahe
3432,Guzra Hua Zamana Aata Nahin (Hafiz Khuda Tumhara)
3433,Haye Re Woh Din Kyon Na Aaye
3434,Jo Tum Torho Piya
3435,Kanha Re Kanha
3436,Lage Na Mora Jiya
3437,Mujhse Mat Poochh
3438,O Janewale
3439,Saath Jiyenge
3440,Sab Kuchh Loota Ke
3441,Sun Rasiya Mann Basiya
3442,Woh Dil Kahan Se Laoon
3443,Aplam Chaplam
3444,Der Na Ho Jaye Kahin
3445,Gore Gore O Banke Chhore
3446,Joote De Do Paise Le Lo
3447,Lo Chali Main
3448,Main Hoon Khushrang Henna
3449,Shola Jo Bhadke
3450,Wah Wah Ramji
3451,Aapki Inayaten Aapke Karm
3452,Ae Babu Meri Chaal Men
3453,Ajnabi Kaun Ho Tum
3454,Anar Dana
3455,Antakshari
3456,Badli Badli Duniya Hai Meri
3457,Balma Bada Nadaan Re
3458,Bholi Surat Dil Ke Khote
3459,Bol Sajna Mujhe Chhodke Yahan
3460,Chocolate Lime Juice
3461,Chupchup Khade Ho Zaroor Koi Baat Hai
3462,Dhiktana (Part 2)
3463,Ek Mithi Si Chubhan
3464,Ghadi Ghadi Mera Dil Dhadke
3465,Gup Chup Chori Chori
3466,Hans Tu Hardam
3467,Honthon Pe Tera Naam
3468,Jane Kaise Sapnon Mein Kho Gayi
3469,Jane Kyon Mujhe Ab Yun Lage
3470,Kaisi Yeh Mohabbat Ki Saja
3471,Kare Kare Badra
3472,Koi Ghar Aayega Pyar Jatayega
3473,Machalti Arzoo Khadi Bahen Pasare
3474,Main Aur Tu Kar Le Dosti
3475,Mere Dil Kabhi To Koi Aayega
3476,Mere Man Ka Bawra Panchhi
3477,Mori Chham Chham Baje Payaliya
3478,Nainon Se Nainon Ki Baat Hui
3479,Nis Din Nis Din
3480,O Balliye
3481,Rajnigandha Phool Tumhare
3482,Sapne Suhane Ladakpan Ke
3483,Suman Sudha
3484,Suno Suno Suno Ji
3485,Tie Lagake Mana Ban Gaye Janab Hero
3486,Tumko Piya Dil Diya
3487,Uthe Sabke Kadam Dekho Ram Pam Pam
3488,Yeh Dil Aur Unki Nigahon Ke Saye
3489,Yeh Mard Bade Dil Sard Bade
3490,Zindagi Kitni Khubsoorat Hai
3491,Rang Birangi Rakhee Lekar
3492,Badli Se Nikla Hai Chand
3493,Chala Hai Kahan
3494,Chhod Kar Tere Pyar Ka Daman
3495,Haal-E-Dil Yun Unhen Sunaya Gaya
3496,Jiya Le Gayo Ji Mora Sanwariya
3497,Naina Barse Rimjhim Rimjhim
3498,Woh Bhooli Dastan Lo Phir Yaad
3499,Aap Kyon Roye (Jo Hamne Dastan Apni)
3500,Agar Mujhse Mohabbat Hai
3501,Bhooli Huyi Yadon
3502,Chain Nahin Aaye Kahan Dil Jaye
3503,Hai Isi Mein Pyar Ki Abroo
3504,Jab Yaad Kisiki Aati Hai
3505,Jana Tha Hamse Door
3506,Kadar Jane Na
3507,Main To Tum Sang Nain Milake
3508,Meri Veena Tum Bin Roye
3509,Na Tum Bewafa Ho
3510,Nainon Mein Badra Chhaye
3511,Rasm-E-Ulfat Ko Nibhaye
3512,Tere Bin Sawan Kaise Beeta
3513,Tu Pyar Kare Ya Thukraye
3514,Unko Yeh Shikayat Hai Ki
3515,Woh Dekho Jala Ghar Kisi Ka
3516,Yun Hasraton Ke Dagh
3517,Hamein Ho Gaya Tumse Pyar
3518,Hum Pyar Mein Jalnewalon Ko
3519,Main To Pi Ki Nagariya Jane Lagi
3520,Maine Rang Li Aaj Chunariya
3521,Nainonwali Ne Hay Mera Dil Loota
3522,Sanawari Surat Mann Bhai
3523,Woh Chup Rahen To Mere
3524,Kabhi To Milegi Kahin To Milegi
3525,Thare Rahiyo O Banke Yaar
3526,Chahe To Mora Jiya
3527,Dwar Tihare Jo Bhi Aata
3528,Rahen Na Rahen
3529,Balma Mane Na
3530,Daga Daga Vai Vai Vai
3531,Dil Jo Na Keh Saka
3532,Kab Tak Huzoor Roothe Rahoge
3533,Ae Dil Kahan Teri Manzil
3534,Ae Dil Kahan
3535,Ja Re Ja Re Ud Ja Re Panchhi
3536,Rehte The Kabhi Jinke Dil Mein Ham
3537,Aaja Re Mere Pyar Ke Rahi
3538,Baiyan Na Dharo
3539,Woh Jo Milte The Kabhi Hamse
3540,Hum Hain Matay-E-Koochao Bazar
3541,Mai Ri Main Kase Kahoon
3542,Chhai Barkha Bahar
3543,Aate Jaate Hanste Gaate
3544,Dil Deewana
3545,Hum Aapke Hain Koun
3546,Aaja Re Pardesi
3547,Na Jane Kyon Hota Hai
3548,Phir Chiddi Raat
3549,Aye Dil E Nadan
3550,Kahin Deep Jale Kahin Dil
3551,Didi Tera Devar Deewana
3552,Maye Ni Maye
3553,Aap Ki Nazron Ne Samjha
3554,Lag Ja Gale Se Phir
3555,Mera Saaya Saath Hoga
3556,Inhin Logon Ne
3557,Thoda Resham Lagta Hai
3558,Aawaz Do Humko
3559,Pyar Ko Ho Jane Do
3560,Aa Meri Jaan
3561,Likha Hai Yeh
3562,Mehbooba
3563,Chithi Na Koi Sandesh
3564,Duniya Mein Aisa Kahan Sabka Naseeb
3565,Megha Re Megha
3566,Mere Hathon Mein Nau Nau Churiyan
3567,Darwaza Band Karlo
3568,Meri Bindiya
3569,Mohe Chhedo Na
3570,Sun Ri Yashoda Maiya
3571,Ho Gaya Hai Tujhko To Pyar Sajna
3572,Mehndi Laga Ke Rakhna
3573,Mere Khwabon Mein
3574,Tu Mere Samne
3575,Tujhe Dekha To
3576,Kabhi Main Kahoon
3577,Tere Mere Honthon Pe
3578,Chudiyan Khanak Gayeen
3579,Allah Tero Naam Ishwar Tero Naam
3580,Chanda Re Mere Bhaiya Se Kahna
3581,Prabhu Tero Naam Ishwar Tero Naam
3582,Raat Bhi Hai Kuchh Bheegi Bheegi
3583,Aapki Mehki Huyi Zulf Ko
3584,Dil Mein Kisi Ke Pyar Ka
3585,Milti Hai Zindagi Men
3586,Sakhi Re Mera Mann Uljhe Tan Dole
3587,Tere Pyar Ka Aasra Chahta Hoon
3588,Yeh Ankhen Dekh Kar
3589,Duniya Kare Sawaal
3590,Gairon Pe Karam
3591,Ae Ri Jane Na Doongi
3592,Balle Balle Bhai
3593,Main Jagoon Sari Rain
3594,Meri Dooron Se Aai Baraat
3595,Mujhe Mil Gaya Bahana
3596,Sansar Se Bhage Phirte Ho
3597,Zulm-E-Ulfut Pe Hamen Log
3598,Naghma O Sher Ki Saugaat
3599,Unse Nazren Milin
3600,Husn Hazir Hain
3601,Baharon Mera Jeevan Bhi Sanwaro
3602,Bheega Bheega Mausam
3603,Jhoom Jhoom Dhalti Raat
3604,Mere Chanda Mera Nanhe
3605,O Beqarar Dil
3606,Tu Kahan Aa Gayi Zindagi
3607,Dhire Dhire Machal
3608,Jalta Hai Badan
3609,Leke Chali Mujhe Apne Saath
3610,Kuchh Dil Ne Kaha Kuchh Bhi Nahin
3611,Khelo Na Mere Dil Se
3612,Betaab Dil Ki Tamanna Yehi Hai
3613,Mast Pawan Dole Re
3614,Milo Na Tum To Hum Ghabraye
3615,More Naina Bahayen Neer
3616,Zara Si Aahat Hoti Hai
3617,Aaj Socha To Ansoo Bahr Aaye
3618,Do Dil Toote Do Dil Haare
3619,Duniya Banane Wale
3620,Hai Tere Saath Meri Wafa
3621,Tumse Bichhad Kar Chain Kahan
3622,Chalte Chalte Yun Hi Koi
3623,Yeh Kahan Aa Gaye Hum
3624,Neela Aasman So Gaya
3625,Jhir Jhir Barse Sawan
3626,Roz Akeli Aaye
3627,Suniyo Ji Ek Araj
3628,Ruke Ruke Se Qadam
3629,Yara Seeli Seeli
3630,Hamne Dekhi Hai Un Ankhon Ki
3631,Gumnaam Hai Koi Badnaam Hai Koi
3632,Panchhi Banoon Udti Phiroon
3633,Aawara Aye Mere Dil
3634,Baat Baat Mein Rootho Na
3635,Banwari Re Jeene Ka Sahara
3636,Bhaiya Mere Rakhi Ke Bandhan Ko
3637,Dil Mein Pyar Ka Toofaan
3638,Ek Tha Raja Ek Thi Rani
3639,Gham Chhodke Manao Rang
3640,Jungle Mein Mor Nacha Kisne Dekha
3641,Man Mohan Krishna Murari
3642,Na Chhedo Kal Ke Afsane
3643,Ruk Ja Raat
3644,Suno Chhoti Si Gudiya Ki Kahani
3645,Ulfut Ka Saaz Chhedo
3646,Unki Pahli Nazar Kya Asar Kar Gai
3647,Aaja Aai Bahar
3648,Aji Rooth Kar Ab Kahan Jaiyega
3649,Jab Pyar Kisi Se Hota Hai
3650,Jiya Beqarar Hai
3651,Aa Aa Bhi Ja
3652,Barsaat Mein Humse Mile
3653,Ehsan Tera Hoga Mujh Par
3654,Gar Tum Bhula Na Doge
3655,Jab Se Balam Ghar Aaye
3656,Jo Main Janti
3657,Kashmir Ki Kali Hoon Main
3658,Koi Matwala Aaya Mere Dware
3659,Mera Dil Ab Tera Ho Sajna
3660,Mujhe Kisi Se Pyar Ho Gaya
3661,O Mere Shahe Khuban
3662,Sayonara Sayonara
3663,Sham Gai Raat Aai
3664,Tera Tir O Be-Peer Dil Ke Aar Paar
3665,Thandi Thandi Hawa Mein
3666,Tum Jaise Bigde Babu Se
3667,Tum Sang Preet Lagai Rasiya
3668,Unse Pyar Ho Gaya
3669,Us Paar Sajan
3670,Dil Apna Aur Preet Parai
3671,Ek Bewafa Se Pyar Kiya
3672,Rasik Balma
3673,Tera Jana
3674,Aaj Kal Mein Dhal Gaya Din
3675,Ab Mera Kaun Sahara
3676,Ab Raat Guzarne Wali Hai
3677,Bedardi Balma Tujhko
3678,Bichhde Huye Pardesi
3679,Devta Mana Aur Pooja
3680,Ek Dil Aur Sau Afsane
3681,Ja Ja Re Balamwa
3682,Man Re Tuhi Bata Kya Gaoon
3683,Mujhe Tum Mil Gaye Humdum
3684,Neel Gagan Ki Chhaon Mein
3685,O Janewale Mud Ke Zara
3686,Parai Hoon Parai Hoon
3687,Raat Aur Din Diya Jale
3688,Raja Ki Aayegi Barat
3689,Suno Chhoti Si Gudiya Ki Kahani
3690,Yeh Sham Ki Tanhaiyan
3691,Andaz Mera Mastana
3692,Bagon Mein Baharon Mein
3693,Chandi Chhalla
3694,Dekho Aaya Yeh Kaisa Zamana
3695,Gagan Ke Chanda Na Poochh Humse
3696,Gaya Bachpan Jo Aai Jawani
3697,Ghar Aaya Mera Pardesi
3698,Ham Tere Pyar Mein
3699,Hawa Mein Udta Jaye
3700,Ho Main Ne Pyar Kiya
3701,Itne Bade Jahan Mein Ae Dil
3702,Ja Ja Ja Mere Bachpan
3703,Ja Ja Re
3704,Jao Re Jogi
3705,Kahe Jhum Jhum Raat Yeh Suhani
3706,Lakh Chhupao Chhup Na Sakega
3707,Main Kya Karoon Ram
3708,Main Piya Teri
3709,Main Rangeela Pyar Ka Rahi
3710,Man Mohana Bade Jhoothe
3711,Meri Ankhon Mein Bas Gaya Koi Re
3712,Meri Gali Mein Aaya Chor
3713,Mil Gaye Mil Gaye Aaj Mere Sanam
3714,Nazar Mein Rang
3715,O Basanti Pavan Pagal
3716,O Mora Nadan Balma
3717,Sapera Been Baja Been Baja
3718,Sheesha-E-Dil Itna Na Uchhalo
3719,Sunte The Naam Hum Jinka Bahar Se
3720,Tumhein Yaad Karte Karte
3721,Use Mil Gai Nai Zindagi
3722,Ajib Dastan Hai Yeh
3723,Unse Mili Nazar Ke Mere Hosh Ud Gai
3724,Tujhe Dil Ki Baat Bata Doon
3725,Aaj Main Jawan Ho Gai Hoon
3726,O Mere Lal Aaja
3727,Ghunghat Nahin Kholoongi Saiyan
3728,Mere Mehboob Tujhe Meri Muhabbat
3729,Mohe Panghat Pe
3730,Tere Pyar Mein Dildar
3731,Tere Sadke Balam
3732,Bekas Pe Karam Kijiye
3733,Do Hanson Ka Joda
3734,Duniya Mein Hum Aaye Hain
3735,Duniya Ne Teri Duniya Wale
3736,Humein Kash Tumse Mohabbat
3737,Jane Wale Se Mulaqat
3738,Le Ja Meri Duayein
3739,Marna Teri Gali Mein
3740,Mohabbat Ki Jhooti Kahani
3741,Mohe Bhool Gaye Sanwariya
3742,Na Milta Gham To
3743,Nagari Nagari Dware Dware
3744,Allah Bachaye Naujawanon Se
3745,Dil Hum Se Woh Lagaye
3746,Mere Paas Aao Nazar To Milao
3747,Teri Mehfil Mein Kismat Azmakar
3748,Tu Kaun Hai Mera
3749,Yeh Dil Ki Lagi Kya Hogi
3750,Uthaye Ja Unke Sitam
3751,Pyar Kiya To Darna Kya
3752,Aarti Utaro Radheshyam Ki
3753,Ek Baat Kahoon Main Sajna
3754,Ganga Maiya Mein Jab Tak
3755,Kanhaiya Tujhe Aana Padega
3756,Samjhauta Ghamon Se Karlo
3757,Tere Umar Ki Phoolwari
3758,Chandan Sa Badan Chanchal Chitwan
3759,Akele Hi Akele Chala Hai Kahan
3760,Ek Tu Jo Mila Sari Duniya Mili
3761,Hamne Tujhko Pyar Kiya Hai
3762,Humne Jo Dekhe Sapne Sach Ho Gaya
3763,Ja Re Ja O Harjaee
3764,Jiske Sapne Humen Ros Aate Hai
3765,Mera Padhne Mein Nahin Lage Dil
3766,Roothe Roothe Piya
3767,Bana Ke Kyon Bigada Re
3768,Chhod De Sari Duniya
3769,Ek Tu Na Mila Sari Duniya Mili
3770,Ham The Jinke Sahare
3771,Har Khushi Ho Wahan
3772,Khai Thi Kasam Ek Raat Sanam
3773,Teri Rahon Mein Khade Hai
3774,Aa Mere Gale Lag Ja
3775,Aeji Zara Sunna
3776,Ankhon Mein Tujhko Chhupake Sanam
3777,Baje Payal Chhun Chhun
3778,Ek Padosan Peechhe Pad Gayi
3779,Ho Gaye Tere Ho Gaye
3780,Holi Aaee Re
3781,Kiske Seene Par Sar
3782,Main To Bhool Chali Babul Ka Des
3783,Meri Galiyon Se Logon Ki Yari
3784,Purva Suhani Aai Re
3785,Pyar Mera Majboor Pardesi Saiyan
3786,Tu Kya Jane O Bewafa
3787,Yaar Mere Paise Ka Deewana
3788,Dil To Hai Dil
3789,Chhoti Si Umar Mein Lag Gaya Rog
3790,Kankaria Maar Ke Jagaya
3791,Mera Pardesi Na Aaya
3792,O Saathiya
3793,Tere Naina Kyon Bhar Aaye
3794,Tum Humse Mile Hum Tumse Mile
3795,Pyara Pyara Sama Hai Pyar Kar Le
3796,Ye Samaa Samaa Hai Pyar Ka
3797,Zu Zu Zu
3798,In Haseen Vadiyon Se
3799,Itni Jaldi Kya Hai Gori
3800,Jot Se Jot Jagake Chalo
3801,Panditji Mere Marne Ke Baad
3802,Tanhai Mein Dil Ghabraye
3803,Usne Macha Diya Shor
3804,Woh To Rootha Hai To
3805,Yeh Galiyan Yeh Chaubara
3806,Aa Jaane-Jaan
3807,Bhanware Ne Khilaya Phool
3808,Haye Haye Yeh Majboori
3809,Jhoot Bole Kauva Kate
3810,Tera Saath Hai To
3811,Ajnabi Tum Jane Pehchane
3812,Doori Na Rahe Koi
3813,Mara Thumka
3814,Megha Re Megha Re
3815,Mere Dil Mein Halki Si
3816,Meri Sanson Ko Jo Mahka Rahi Hai
3817,Mohabbat Hai Kya Cheez
3818,Meri Qismat Mein Tu Nahin Shayad
3819,Hansta Hua Noorani Chehra
3820,Geet Tere Saaz Ka
3821,Ooi Maa Ooi Maa Yeh Kya Ho Gaya
3822,Aaja Re Piya
3823,Gudiya Kab Tak Na Hasogi
3824,Chalo Sajna Jhahan Tak
3825,Dil Wil Pyar Wyar
3826,Kajra Laga Ke Bindiya Saja Ke
3827,Prem Ka Rog Bada Bura
3828,Roz Sham Aati Hai Magar Aesi
3829,Jal Bin Machhli
3830,Bataoon Kya Lana
3831,Dhadkan Har Dil Ki
3832,Diye Jalaye Pyar Ke Chalo
3833,Ja Re Kare Badra Balam Ke Dwar
3834,Kanha Kanha Aan Padi Main Tere Dwar
3835,Ruk Ja Ae Hawa
3836,Satyam Shivam Sundaram
3837,Balma Sipahiya
3838,Daiya Ri Daiya Yashoda Maiya
3839,Duniya Ka Mela Mele Mein Ladki
3840,Duniya Ne Sun Li Hai Chhup Ke
3841,Haathon Mein Mehndi
3842,Ham Ko Bhi Gham Ne Mara
3843,Maine Maa Ko Dekha Hai
3844,Morni Re Morni
3845,Pee Le Pee Le Tu Jee Le
3846,Sanam Tu Bewafa Ke Naam Se
3847,Sharifon Ka Zamane Men
3848,Tauba Kaise Hai Nadan Ghunghroo
3849,Tu Kitni Achhi Hai
3850,Tum Yaad Na Aaya Karo
3851,Chabi Kho Jaye
3852,Hum Tum Dono Jab Mil Jayen
3853,Jane Kyon Log Mohabbat Kiya
3854,Pardes Jake Pardesia
3855,Solah Baras Ki Bali Umar
3856,Tere Mere Beech Mein
3857,Aap Mujhe Achhe Lagne Lage
3858,Ae Hawa Yeh Bata Ae Ghata Yeh Bata
3859,Baghon Mein Bahar Aai
3860,Chal Chameli Baag Mein
3861,Dekho Dekho Ji Socho Ji
3862,Hay Mohabbat
3863,Haye Haye Re Ek Ladka
3864,Kali Ghata Chhai
3865,Main Tum Mein Sama Jaoon
3866,Pardesi Aaya Des Mein
3867,Pyar Karne Wale
3868,Sajan Sajan Pukaroon
3869,Tere Kaaran Mere Saajan
3870,Tohe Sanwariya
3871,Main Tere Ishq Mein
3872,Aaj Dil Pe Koi Zor Chalta Nahin
3873,Aayegi Aayegi Aayegi
3874,Bada Dukh Dina O Ramji
3875,Jab Jab Bahar Aayee
3876,Maa Mujhe Apne Aanchal Mein
3877,Main Tulsi Tere Aangan Ki
3878,Sooni Re Nagariya
3879,Teri Yaad Aati Hain
3880,Veriya Ve Kiya Kya Qasoor Maine
3881,Yeh Raat Bhi Ja Rahi Hai
3882,Zamane Mein Aji Aise Koi Nadan Hota
3883,A B C D Chhodo
3884,Bhor Bhaye Panghat Pe
3885,Dekho Dekho Dekho Bioscope Dekho
3886,Duniya Jab Jalti Hai
3887,Ek Gagan Ka Raja
3888,Likhne Wale Ne Likh Dale
3889,Mehboob Ki Mehndi
3890,Mera Naam Hai Chameli
3891,Mere Saiyan Ne Bulaya Singapore Se
3892,Neend Nigahon Se Kho Jati Hai
3893,Nindiya Se Jagi Bahar
3894,Radha Nachegi
3895,Shishi Bhari Gulab Ki
3896,Ud Chala Panchhi Ban Ke
3897,Yeh Kali Jab Talak Phool Banke Khile
3898,Zindagi Har Kadam Ek Nai Jung Hai
3899,Bindiya Chamke Gi
3900,Mujhe Kuchh Kahna Hai
3901,Ham Bane Tum Bane
3902,Sheesha Ho Ya Dil Ho
3903,Hawa Chale Kaise
3904,Jab Bhi Jee Chahe
3905,Jagi Badan Mein Jwala
3906,Ni Main Yaar Manana Ni
3907,Abhi Kya Sunoge
3908,Do Din Ki Zindagi Kaisi Yeh Zindagi
3909,Koi Mere Mathe Ki Bindiya
3910,Sharam Aati Hai Magar
3911,Bhai Battur
3912,Ghar Aaja Ghir Aaye Badra
3913,Tumse Milke
3914,Mora Chhota Sa Balamwa
3915,Yari Ho Gai Yaar Se
3916,Kya Janu Sajan
3917,Dilbar Dil Se Pyare
3918,Na Ja Mere Hamdam
3919,Bangle Ke Peechhe
3920,Yaadon Ki Baaraat
3921,Aap Chahen Mujhko
3922,Main Na Miloongi
3923,Rimjhim Gire Sawan
3924,Jeevan Ke Din
3925,Aaja Piya Tohe Pyar Doon
3926,Bahon Mein Chale Aao
3927,Tune O Rangeele
3928,Bada Natkhat Hai Yeh
3929,Kaun Hoon Main Kya Naam Hai Mera
3930,Chalo Ri Chalo Ri
3931,Chhota Sa Ghar Apna
3932,Hamne Sanam Ko Khat Likha
3933,Kaisa Tera Pyar
3934,Main Tumse Mohabbat Karti Hoon
3935,Sawan Ke Jhoole Pade
3936,Na Koi Umang Hai
3937,Apne Dil Se Badi Dushmani
3938,Lalla Lalla Lori Doodh Ki Katori
3939,Mere Naina Sawan Bhadon
3940,Raina Beeti Jaye
3941,Teri Yaad Aa Rahi Hai
3942,Ae Ri Pawan
3943,Jamuna Kinare Aa Ja
3944,Badal Yun Garaj Hai
3945,Dekho Maine Dekha Hai Ek Sapna
3946,Jab Hum Jawan Honge
3947,Kuchh Na Kaho
3948,Meethe Bol Bole
3949,Thodi Si Zamin Thoda Aasman
3950,Beeti Na Bitai Raina
3951,Abke Na Sawan Barse
3952,Do Nainon Mein Ansoo Bhare Hai
3953,Ek Baat Kahoon Gar Mano Tum
3954,Tere Bina Jiya Jaye Na
3955,Aajkal Paon Zameen Par Nahin Padte
3956,Naam Goom Jayega
3957,Tujhse Naraz Nahin Zindagi
3958,Khilte Hain Gul Yahan
3959,Saiyan Be-Imaan
3960,Megha Chhaye Aadhi Raat
3961,Rula Ke Gaya
3962,Maine Kaha Phoolon Se
3963,Nain Khoye Khoye Tere Dil Mein
3964,O Jogi Jab Se Tu Aaya Mere Dwar
3965,Tere Khayalon Mein
3966,Ye Tanhai Hay Re Hay
3967,Kitni Akeli Kitni Tanha
3968,Chand Phir Nikla Magar Tum Na Aaye
3969,Honthon Mein Aisi Baat
3970,Khai Hai Re Hum Ne Qasam
3971,Pawan Deewani Na Mane
3972,Piya Sang Khelo Holi
3973,Aaj Phir Jeene Ki Tamanna Hai
3974,Rangeela Re
3975,Piya Tose Naina Lage Re
3976,Ab To Hai Tumse Har Khushi Apni
3977,Piya Bina Piya Bina
3978,Loote Koi Mann Ka Nagar
3979,Chanda Hai Tu Mera Suraj Hai Tu
3980,Choron Ka Sare Nazar Aate Hai Chor
3981,Chupke Chupke Chal Re Purbaiya
3982,Sun Ri Pawan Pawan Purvaiya
3983,Ab Ke Sajan Sawan Mein
3984,Neend Churayi Chain Churaye
3985,Rama Rama Ghazab Huyi Gawa Re
3986,Tum Mujhse Door Chale Jana Na
3987,Jane Kya Pilaya Tune
3988,Main To Tere Rang Rati
3989,Mere Payalia
3990,Pighla Hai Sona Door Gagan Par
3991,Thandi Hawayein
3992,Jeevan Ke Safar Mein Rahi
3993,Tum Na Jane Kis Jahan Mein Kho Gaye
3994,Ab Aage Teri Marzi
3995,Chori Chori Meri Gali Aana Hai Bura
3996,Mora Gora Ang Laile
3997,Baghon Mein Khilte Hai Phool
3998,Bhool Ja Sapne Suhane
3999,Chali Hawaen Matwari
4000,Chamka Chamka Subah Ka Tara
4001,Chanda Chamakti Raat O Ji
4002,Gaya Andhera Hua Ujala
4003,Mehlon Mein Rehne Wali
4004,Mere Sang Piya (Woh Hai Koi Dekh Lega)
4005,Mohabbat Mein Aise Zamane Bhi Aaye
4006,Nain Mile Nain
4007,Sawan Ke Jhule Pade
4008,Tere Raste Pe Humne
4009,Tumse Ho Gaya Pyar Dekho
4010,Yeh Mere Andhere Ujale Na Hote
4011,Zara Mudke To Dekha Sajna
4012,Aaha Rim Jhim Ke Ye Pyare Pyare
4013,Tim Tim Taron Ke Deep Jale
4014,Seene Mein Sulagte Hai Armaan
4015,Itna Na Mujhse Tu Pyar Badha
4016,Aai Jhumti Bahar Laai Dil Ka Qarar
4017,Dil Mein Sama Gaye Sajan
4018,O Dildar Bolo Ek Baar
4019,Teri Chamakti Aankhon Ke
4020,Ae Sanam Aaj Ye Qasam Khayen
4021,Tumhin To Meri Puja Ho
4022,Yeh Nai Nai Preet Hai
4023,Mausam Yeh Pukare Masti Mein
4024,Jab Jab Phool Khile
4025,Tu Roop Ki Rani Main Choron Ka Raja
4026,Milke Bhi Hum Mil Na Sake
4027,Aaja Aaja Tera Intezar Hai
4028,Gham Ka Khazana Tera Bhi Hai Mera Bhi
4029,Allah Janta Hai
4030,Har Taraf Har Jagah Besumar Aadmi
4031,Mili Hawaon Mein Udne Ki Woh Saza
4032,Dharti Kahe Pukaar Ke
4033,Masti Bhara Hai Saman
4034,Batt Takat Thak Gaye Naina
4035,Belia Belia
4036,Chadh Gayo Papi Bichhua
4037,Umadh Ghumadh Kar Aai Re Ghata
4038,Bheegi Chandni Chhai Bekhudi
4039,Preetam Daras Dikhao
4040,Woh Chand Muskaya
4041,Jhoomta Mausam Mast Mahina
4042,Jahan Main Jati Hoon
4043,Nain Mile Chain Kahan
4044,Tere Bina Aag Yeh Chandni
4045,Dil Ki Girah Khol Do
4046,Pyar Hua Iqrar Hua
4047,Yeh Raat Bheegi Bheegi
4048,Aaja Sanam Madhur Chandni Mein
4049,Yashomati Maiya Se Bole Nandlala
4050,Tum Gagan Ke Chandrama Ho
4051,Sham Dhale Jamuna Kinare
4052,Chunri Sambhal Gori
4053,Dekho Woh Chand Chhupke
4054,Nain Se Nain
4055,O Neend Na Mujhko Aaye
4056,Jaag Dard E Ishq Jaag
4057,Ankhiyan Bhul Gayi Hai Sona
4058,Ek Baar Zara Phir Keh Do
4059,Hum Panchhi Mastane
4060,Umr Huyi Tumse Mile
4061,Yaad Kiya Dil Ne
4062,Chandan Ka Palna Resham Ko Dori
4063,Yeh Raat Yeh Chandni
4064,Bade Armanon Se
4065,Bikhra Ke Zulfen Chaman Mein
4066,Ek Raat Mein Do Do Chand Khile
4067,Mehlon Ne Chheen Liya Bachpan
4068,Nain Dwar Se Mann Mein Woh Aake
4069,Zindagi Ka Ajab Fasana Hai
4070,Nain Dwar Se Mann Mein Woh Aake
4071,Ek Manzil Rahi Do
4072,Dekho Mausam Kya Bahar Hai
4073,Dil Tadap Tadap Ke Kah Raha
4074,Kabhi Kabhi Mere Dil Mein
4075,Ichak Dana Beechak Dana
4076,Woh Chand Khila Woh Tare
4077,Ae Dil Na Mujhse Chhupa
4078,Allah Jane Kya Hoga Aage
4079,Dum Bhar Jo Udhar Munh Phere
4080,Duniya Walon Se Door
4081,Nee Baliye Rut Hai Bahar Ki
4082,Tum Roothi Raho
4083,Aa Ab Laut Chalen
4084,Aa Ja Re Ab Mera Dil Pukare
4085,Bol Meri Taqdeer Mein Kya Hai
4086,Chhod Gaye Balam Mujhe
4087,Lakhon Tare Aasman Per
4088,Har Dil Jo Pyar Karega
4089,Ankhon Mein Rang Kyon Aaya
4090,Apni Ulfat Pe Zamane Ka
4091,Begani Shadi Mein Abdulla Deewana
4092,Chal Sanyasi Mandir Mein
4093,Patli Kamar Hai
4094,Sun Baal Bramhachari
4095,Dil Ki Nazar Se
4096,Dil Lootnewale Jadugar
4097,Yeh Wada Karen Hum
4098,Phool Tumhe Bheja Hai Khat Mein
4099,Kisi Raah Mein Kisi Mod Par
4100,Humsafar Mere Humsafar
4101,Ek Pyar Ka Naghma Hai
4102,Ae Meri Ankhon Ke Pahle Sapne
4103,Mehngai Mar Gayee
4104,Paani Re Paani
4105,Main Na Bhoolunga
4106,Chori Chori Jo Tumse Mile
4107,Je Hum Tum Chori Se
4108,Mehboob Mere Mehboob Mere
4109,Mujhe Dard Rahta Hai
4110,Hum To Tere Aashiq Hain
4111,Phool Ahista Phenko
4112,Dheere Dheere Bol Koi Sun Na Le
4113,Hum Tum Yug Yug Se
4114,Bol Gori Bol Tera Kaun Piya
4115,Woh Kaun Hai
4116,Sawan Ka Mahina
4117,Kahin Karti Hogi Woh Mera Intezar
4118,Ham Bhi Hain Tum Bhi Ho
4119,Aadhi Sachchi Aadhi Jhuthi
4120,Chahe Paas Ho Chahe Door Ho
4121,Chalo Dildar Chalo
4122,Door Kahin Tu Chal
4123,Ek Daal Par Tota Bole
4124,Jeevan Mein Piya Tera Saath Rahe
4125,O Raat Ke Musafir
4126,Taron Ki Zuban Par Hai
4127,Teri Duniya Se Door
4128,Zara Samne To Aa O Chhaliye
4129,Agar Main Puchhoon Jawab Doge
4130,Chali Chali Re Patang
4131,Chaman Ke Phool Bhi Tujhko
4132,Chand Jane Kahan Kho Gaya
4133,Haule Haule Ghunghat Pat Khole
4134,Koi Bata De Dil Hai Jahan
4135,Lara Lappa Lara Lappa Laai
4136,Tum To Pyar Ho Sajna
4137,Yeh Baharon Ke Din
4138,Do Ghadi Woh Paas Jo Baithe
4139,Laagi Chhoote Na Ab To Sanam
4140,Tasveer Teri Dil Mein
4141,Nazuk Nazuk Badan Mora
4142,Zindagi Bhar Nahin
4143,Jo Wada Kiya Woh Nibhana Padega
4144,Tumhari Nazar Kyon Khafa Ho Gayi
4145,Bahon Mein Teri Masti Ke Ghere
4146,Ek Mahal Ho Sapnon Ka
4147,Paon Chhoo Lene Do Phoolon Ko
4148,Simti Hui Yeh Ghadiyan
4149,Yeh Parbaton Ke Daire
4150,Dhoom Mache Dhoom
4151,Yeh Sama Yeh Ritu Yeh Nazaren
4152,Is Reshmi Paazeb Ki Jhankar
4153,Jeet Hi Lenge Baazi Hum Tum
4154,Meri Duniya Mein
4155,Chhadi Re Chhadi
4156,Aawaz Deke Humen Tum Bulao
4157,Dheere Dheere Chal Chand
4158,Sau Saal Pahle
4159,Tujhe Jeevan Ki Dor Se
4160,Dil Tera Deewana Hai Sanam
4161,Din Sara Guzara Tore Angana
4162,Kar Ke Jiska Intezar
4163,Main Chali Main Chali
4164,Mujhe Kitna Pyar Hai Tumse
4165,O Sanam Tere Ho Jayen Hum
4166,Woh Din Yaad Karo
4167,Yeh Mausam Bheega Bheega Hai
4168,Bachke Jane Na Doongi Dildar
4169,Tumhare Bin Guzare Hain Kai Din
4170,Tere Husn Ki Kya Tarif Karun
4171,Do Sitaron Ka Zameen Par
4172,Jhoole Mein Pawan Ki Aai Bahar
4173,Tu Ganga Ki Mauj
4174,Dekh Liya Maine Kismat Ka Tamasha
4175,Dil Todne Wale Tujhe Dil
4176,Yaad Mein Teri Jaag Jaag Ke Hum
4177,Ek Shahenshah Ne Banwa Ke
4178,Man Ki Been Matwari Baje
4179,Matwala Jiya Dole Piya
4180,Tan Rang Lo Ji Aaj Mann Ranglo
4181,Wada Kar Le Sajna
4182,Husn Chala Kuchh Aisi Chaal
4183,Ooi Amma
4184,Deewane Hai Deewanon Ko
4185,Dilbar Dilbar Kahte Kahte Hua Deewana
4186,Bekhudi Mein Sanam
4187,Dhol Jani
4188,Kabhi Raat Din Hum Door The
4189,O Sajna Dhol Jani
4190,Hum Tumhare Liye
4191,Zindagi Wo Kya Na Pyar Jismen Ho
4192,Woh Hai Zara Khafa Khafa
4193,Ek Tera Saath Humko
4194,Tere Sang Jeena Tere Sang Marna
4195,Woh Jab Yaad Aaye
4196,Aadmi Musafir Hai
4197,Dil Ne Dil Ko Pukara
4198,Koyal Boli Duniya Doli
4199,Parbat Ke Us Paar
4200,Rang Basanti
4201,Ab Aan Milo Sajna
4202,Haye Re Haye
4203,Itna To Yaad Hai Mujhe
4204,Rim Jhim Ke Geet
4205,Aa Mere Humjoli Aa
4206,Aaja Teri Yaad Aayee
4207,Chhed Mere Humrahi Geet Koi Aisa
4208,Ladki Pasand Ki
4209,Mujhe Teri Mohabbat Ka Sahara
4210,Saathiya Nahin Jana
4211,Yeh Zulf Kaisi Hai
4212,Atthara Baras Ki Tu Hone Ko
4213,Aya Sawan Jhoom Ke
4214,Chal Prem Nagar
4215,Dafli Wale Dafli Baja
4216,Das Gayi Nagin Si Zulf Teri
4217,Dil Mein Kya Hai Tere
4218,O Sapnon Ke Raja
4219,Phool Hai Baharon Ka
4220,Uth Neend Se Mirzeya Jaag Ja
4221,Jhilmil Sitaron Ka Angan Hoga
4222,Chup Gaye Sare Nazare
4223,Ye Dil Tum Bin Lagta Nahin
4224,Chala Bhi Aa Aaja Rasiya
4225,Kabhi Kabhi Aisa Bhi Hota Hai
4226,Mohabbat Se Tumhen Dekha
4227,Gori Ke Haath Mein
4228,Ni Sultana Re
4229,Rut Hai Milan Ki
4230,Chadhti Jawani Meri Chaal Mastani
4231,Kitna Pyara Wada Hai
4232,Tere Ghar Ke Samne
4233,Dekho Rootha Na Karo
4234,Tere Bin Soone Nain Humare
4235,Aaj Ko Junli Raat Ma
4236,Palkon Ke Peechhe Se
4237,Dil Pukare Aare Aare
4238,Teri Bindiya Re
4239,Baghon Mein Bahar Hai
4240,Yeh Dil Deewana Hai
4241,Tere Nainon Ke Main Deep Jalaoonga
4242,Ramaiya Vastavaiya
4243,O Chand Jahan Woh Jaye
4244,Agre Ka Lala Angreji Dulhan Laya Re
4245,Khile Hai Sakhi Aaj Phoolwa
4246,Sakhiri Sun Bole Papiha
4247,Jab Jab Tumhen Bhoolaya
4248,Dabe Labon Se Kabhi Jo Koi Salam Le
4249,Manbhavan Ke Ghar Jaye Gori
4250,Humrae Gaon Koi Aayega
4251,Kar Gaya Re Mujhpe Jadu
4252,Janeman Ek Nazar Dekh Le
4253,Mere Mehboob Mein Kya Nahin
4254,Pyar Zindagi Hai
4255,Main Chali Main Chali
4256,Dulhan Maike Chali
4257,Sare Shahar Mein
4258,Muqabla Hum Se Na Karo
4259,Chandni Raat Mein
4260,Charu Chandra Ki Chanchal Chitwan
4261,Ladki Hai Ya Shola
4262,Sa Re Ga Ma Pa Ma Ga Re Sa
4263,Nainon Mein Sapna
4264,Shayad Meri Shaadi
4265,Ankhiyon Hi Ankhiyon Men
4266,Chand Raat Tum Ho Saath
4267,Mal De Gulal
4268,Nainon Mein Darpan Hai
4269,Tota Maina Ki Kahani
4270,Aa Humsafar Pyar Ki Sej Par
4271,Beliya Ab To Yeh Bahar
4272,Hum Chup Hain
4273,Jaisa Des Waisa Bhes
4274,Janam Janam
4275,Mausam Mastana Hai
4276,Sar Se Sarke
4277,Mera Naam Abdul Rahman
4278,Aari Aaja Nindiya
4279,Chhedo Na Meri Zulfein
4280,Oonche Neeche Raste
4281,I Love You (Gujarati Mein)
4282,Mach Gaya Shor
4283,Ankhon Mein Kajal Hai
4284,Nazron Se Kah Do
4285,Aesi Rang De Piya
4286,Dariya Kinare Ek Bungla
4287,Disco 82
4288,Tujh Sang Preet
4289,Ho Pardesia
4290,Ik Rasta Hai Zindagi
4291,Janeman Tum Kamal Karte Ho
4292,Tera Phoolon Jaisa Rang
4293,Jo Ho Yaar Apna
4294,Mohabbat Bade Kaam Ki Cheez Hai
4295,Tere Chehre Se Nazar Nahin
4296,Mujhe Tum Yaad Karna
4297,Holi Ayee Re
4298,Dekha Ek Khwab
4299,Ankhon Mein Humne Aapke Sapne
4300,Hazaar Rahen
4301,Papi Pet Ka Sawal Hai
4302,Ho Jata Hai Pyar
4303,Hum Ko Mohabbat Ho Gai Hai
4304,Humare Siva Tumhare Aur
4305,Jiska Mujhe Tha Intezar
4306,Salame Ishq Meri Jaan
4307,Daal Roti Khao Prabhu Ke Gun Gaao
4308,Dil Ki Baaten Dil Hi Jane
4309,Jadugar Tere Naina
4310,Sarakti Jaye Hai
4311,Dil Humne De Diya
4312,Chal Dariya Mein Doob Jayen
4313,Dariya Mein Phenk Do Chabi
4314,Dilbar Jani Chali Hawa Mastani
4315,Din Maheene Saal
4316,Kal Ki Haseen Mulaqat Ke Liye
4317,Main Tere Pyar Mein Pagal
4318,Maine Dekha Tune Dekha
4319,Prem Kahani Mein
4320,Sunja Aa Thandi Hawa
4321,Baith Ja Khadi Ho Ja
4322,Dhak Dhak Kaise Chalti Hai Gaadi
4323,Jab Jab Hum Tumko Dekha Hai
4324,Khoobsurat Hasina Jane Ja
4325,Maaf Karo O Baba Maaf Karo
4326,Sajan Ho Sajan
4327,Sultana Sultana Tu Na Ghabrana
4328,Achha To Hum Chalte Hain
4329,Main Solah Baras Ki
4330,Ab Chahe Maa Roothe Ya Baba
4331,Hum Aur Tum Tum Aur Hum
4332,Ek Baat Dil Mein
4333,Kaisi Lag Rahi Hoon Main
4334,Aaj Kahin Na Ja
4335,Chahe Raho Door Chahe Raho Paas
4336,Kali Palak Teri Gori
4337,Deewana Kar Ke Chhodoge
4338,Maine Dekha Ek Sapna
4339,Tujh Mein Kya Hai Deewane
4340,Goom Hai Kisi Ke Pyar Mein
4341,Kitni Khoobsoorat Yeh Tasveer Hai
4342,Aaj Na Chodenge
4343,Kanchi Re Kanchi Re
4344,Ab Ke Sawan Mein Jee Dare
4345,Bahut Door Mujhe Chale Jana Hai
4346,Kajra Lagake Gajra Sajake
4347,Koi Ladki Mujhe Kal Raat
4348,Main Ek Chor Tu Meri Rani
4349,Paas Nahin Aana Bhool Nahin Jana
4350,Parbat Ke Peechhe
4351,Chanda O Chanda
4352,Dil Se Dil Milne Ka
4353,Jogi O Jogi Pyar Mein Kya Hoga
4354,Sawan Ka Mahina Aa Gaya
4355,Sun Champa
4356,Are Jane Kaise Kab Kahan Iqrar
4357,Bheegi Bheegi Raaton Mein
4358,Hum Dono Do Premi
4359,Karvaten Badalte Rahe
4360,Panna Ki Tamanna Hai
4361,Suno Kaho Suna
4362,Jai Jai Shiv Shankar
4363,Chand Churake Laya Hoon
4364,Gulmohar Gar Tumhara Naam Hota
4365,Aap Ki Ankhon Mein Kuch
4366,Is Mod Se Jate Hain
4367,Tum Aa Gaye Ho Noor Aa Gaya
4368,Tere Bina Zindagi Se
4369,Aaj Madhosh Hua Jaye Re
4370,Tumhare Sang To Rain Bitai
4371,Gaata Rahe Mera Dil
4372,Shokhiyon Mein Ghola Jaye
4373,Aasman Ke Neeche
4374,Tere Mere Milan Ki Yeh Raina
4375,Likha Hai Teri Ankhon Mein
4376,Gir Gaya Jhumka Girne Do
4377,Kiska Mahal Hai Kiska Yeh Ghar Hai
4378,Kora Kagaz Tha Yeh Mann Mera
4379,Goyake Chunanche Kiya Maine Pyar
4380,Logon Ki Zuban Pe Apna Naam
4381,Chal Kahin Door Nikal Jayen
