00277,Aarti Kije Shri Raghuvar Ki
00278,Ambe Charan Kamal Hain Tere
00279,Ati Paavan Hai Tiharo Naam
00280,Baat Nihare Ghanshyam
00281,Banke Bihari
00282,Bhaj Govinda Jai Gopala
00283,Chalo Ayodha
00284,Chalo Bulawa Aaya Hai
00285,Commentary-Shri Ganesh Stuti
00286,Commentary-Shri Sai Stuti
00287,Daata Ek Ram
00288,Deenan Dukh Haran Dev Santan Hitkari
00289,Deeno Ki Sunne Wale
00290,Ganga Ji Ki Aarti
00291,Ganga Ke Tat
00292,Ganpati Bappa Moriya
00293,Ganpati Bappa Morya Agle Baras
00294,Ganpati Bappa Morya
00295,Ghor Tapasvi Raja Bhagirath
00296,Govind Ke Gun Gaale
00297,Hai Gopal Hai Gopal Govind
00298,Hanuman Chalisa
00299,Hanumanji Ki Aarti-Goswami Tulsidas
00300,He Ram He Ram
00301,Hey Gangadhar Hey Shivshanker
00302,Hey Gobind Hey Gopal
00303,Hey Krishna Gopal Hari
00304,Hey Shiv Shankar Hey Karunakar
00305,Jai Ambe Durge Maiya
00306,Jai Ganesh Jai Ganesh Jai Ganesh Deva
00307,Jai Ganesh Jai Siddhivinayak
00308,Jai Jai Hanuman Dayamai
00309,Jai Jai Mangal Moorti Ganesh
00310,Jai Mata Di (Tu Ne Mujhe Bulaya)
00311,Jai Mata Di Jai Mata Di
00312,Jai Radha Madhav
00313,Jinke Hriday Shriram Rame
00314,Jinke Hridayram Rameshriram Mahima
00315,Karmsakal Tav Vilas
00316,Kirtan Samapti
00317,Kiya Tan Aur Mann Arpan
00318,Krishan Pranat Pal Prabhu
00319,Krishna Murariji Aankh Basee Mann Bhave
00320,Lakshmi Maiya Utaren Teri Aarti
00321,Lele Tera Naam Hari
00322,Maha Mantra
00323,Mera Jeevan Teri Sharan
00324,More Nain Base Girdhari
00325,Nahi Naav Chalonga (Kewat Prasang)
00326,Om Anandmayi Chaitanyamayi
00327,Om Jai Gange Mata
00328,Om Jai Shiv Shakti Hare
00329,Patit Pawani Paap Nashni
00330,Pawan Sut Binti Baram Baar
00331,Pukaroon Tera Naam
00332,Raghu Nandan Raghuraj Raghuwar
00333,Raghunandan Raghav Ram
00334,Ram Ke Gun Ga Re Manwa
00335,Ram Ko Jap Le
00336,Ram Ram Bhaj Prani Japle
00337,Ram Siya Ram
00338,Ram Sumir Ke Rahem Kare Na
00339,Ramji Ke Naam Ne To Pathar Bhi Tare
00340,Sab Ka Bhala Mere Ramji Karen
00341,Sab Se Oonchi Prem Sagai
00342,Sabka Malik Ek-Sab Ko Jaana Ek Manzil
00343,Sai Teri Yaad Maha Sukhdai
00344,Sampati Vandana
00345,Sankat Ki Ghadiyaan Hoon
00346,Sawaliya Mann Bhaye Re
00347,Shiv Bhola Bhandari
00348,Shree Ram Chale Vanwas
00349,Shri Krishan Naam Dhun
00350,Shri Ram Stuti
00351,Snaan Paan Aur Dhayan
00352,Sweekaro Mere Parnaam
00353,Tera Ram Ji Karengay Beda Paar
00354,Tere Tat Par
00355,Tum Dhondho Mujhe Gopal
00356,Tumhe Kahan Mein Dhondo Ram
00357,Van Ko Na Jate Ram
00358,Varde Varde Varde
00359,Aaja Ma Tainu Ankhiyan Udeek Diyan
00360,Aarti Hanuman Lala Ki-Viddhi Sharma
00361,Aarti Kije Hanuman Lala Ki
00362,Aarti Kiyejey Hanuman Lala Ki
00363,Aarti Shree Anjani Kumar Kee
00364,Adhar Adhar Pe Goonj Raha Hai
00365,Aisa Pyar Baha De Maiya
00366,Allah Sai Maula Sai
00367,Anant Chaudas Sukhdaai
00368,Ankhiyaan Hari Darsan Ki Pyaasi
00369,Awan Kah Gaye Aaj
00370,Aye Tere Dware
00371,Ayeen Hawaoon
00372,Baba Sai Baba
00373,Bajrang Baan
00374,Baste Hai Rom Rom Jinke Shreeram
00375,Bhajoon Siyaram Milen Hanuman
00376,Bhakti Mein Jis Din
00377,Bhaye Prakat Kripalu Deendayala-Ram Aarti
00378,Bolo Radhe Krishna Bolo Sita Ram
00379,Chal Chalo
00380,Chalo Sakhi Kunj Gopal
00381,Chalo Sakhi Sautan Ke Ghar Jaye
00382,Chandra Khilona Mujko Dila De
00383,Charano Me Vandan
00384,Chhabi Avan Mohan Lal Ki
00385,Chhod Kar Sai
00386,Chhotu So Kanhaiya
00387,Chilam Sai Nath Ki
00388,De Maa Nij Charanon Ka Pyar
00389,Dhimak Dhimak Dhimak (Shiv Bhajan)
00390,Dhune Ki Udi
00391,Durgati Haarini Durga Ambe-Samapti Vandana
00392,Eri Main To Dard Deewani Hoi
00393,Fakir Ki Jholi
00394,Gajamukha-Jai Ganesh Deva Mata Jaaki Parvati
00395,Ganesha Sharanam
00396,Ghan Mein Chhip Rahi Jo Damini
00397,Gorapati Shambhu
00398,Gyan Ki Khaan Guno Ke Saagar
00399,Hamen Nandnandan Mol Liyo
00400,Hanuman Ashtaak
00401,Hari Hari Rath Le Re Meri Rasana
00402,Hari Hori Hai
00403,He Ambe Jagadambe Sun Le Pukar
00404,Hey Bajarang Bali Hanuman
00405,Hey Dukh Bhanjan Maruti Nandan
00406,Hey Maa Kari Badriya Barse
00407,Hey Ram Sri Ram
00408,Hey Ram
00409,Hey Shiv Shankar
00410,Hori Khelan Aayo Shyam
00411,Hriday Mein Ram Mann Mein Ram
00412,Hum Par Daya Hai
00413,Hum Sab Aaye Hai Yaha Oh Maa
00414,Jagdambe Vandana
00415,Jagdambike Jai Jai
00416,Jahan Baaje Sai Dhun
00417,Jahan Pyar Milta Hai
00418,Jai Bhola Bhandari Shivhar
00419,Jai Ganesh Deva
00420,Jai Jai Jai Hanuman Gosain
00421,Jai Jai Maa (Dhun) (Part-1)
00422,Jai Sai Nath
00423,Jai Shree Ram
00424,Janam Liyo Girja Ghar Balak
00425,Japay Hum Shree Ram Ka Naam
00426,Jayati Jay Raghuvansh Bhushan
00427,Jayati Mangalagaar
00428,Jo Bhi Aaye Dwar Tihare
00429,Jo Tujhe Manzoor Hai Sai
00430,Jug Jug Raj Karo Shree Gokul
00431,Kahan Ke Pathik
00432,Kanha Tori Bansi Hai Jadu Bhari
00433,Kevat Ke Naiya
00434,Khan Khan Nritya Karat Nandlala
00435,Khud Se Jab Khud
00436,Koi Tera Nahin Bas Ek Sai Aasra Hoga
00437,Koi Tirath Mere Mann Ko
00438,Koi Yeh Na Pooche
00439,Laagi Re Laagi Mohe Ram Dhun Laagi
00440,Lagat Bund Katari Piya Bin
00441,Lambodaram Shree Soorpkarnkam
00442,Mahadev Sut Namo Namah
00443,Main Door Se
00444,Main Ganpati Ke Gun Gaaon
00445,Main Sharan Tihari
00446,Main To Vari Vari
00447,Man Ramgaya
00448,Mangal Moorty Marut Nandan
00449,Mangal Murat Maruti Nandan
00450,Meet Wahi Jo
00451,Mein Ganpati Ke Gun Gayoon
00452,Mere Ghar Mein
00453,Mere Maan Ke Andh Tamas Mein
00454,Mere Manva Tu Bhola
00455,Mere Sai Baba
00456,Mere Sai Ne Itna Diya Hai
00457,Mhane Chaakar Raakho Ji
00458,Mujhe Milgaya Sahara
00459,Naam Liya Hari Ka
00460,Nache Mann Ka Mayur Pawan
00461,O Sai Baba
00462,Om Jai Shiv Omkara-Shiv Aarti
00463,Oodho Karman Ki Gati
00464,Pahi Pahi Gajanana
00465,Pahli Puja Ka Adhikari
00466,Palki
00467,Paramdev Hey Dev Gajanan (Shri Ganpati Stuti)
00468,Paripoorntam Param Anoopam
00469,Payoji Maine Ram Ratan Dhan
00470,Phalshruti
00471,Prabhu Tum Ho Sagar
00472,Prem Sahit Saab Bolo-Kirtan
00473,Prem Se Bolo Bhakto
00474,Radhe Krishna Sai Krishna
00475,Raghupati Raghav Raja Ram
00476,Ram Bharosa Rakhiye
00477,Ram Kahoge Baat Banegi
00478,Ram Naam Tu Bhaj Man
00479,Ram Rahim Ram Ram
00480,Ram Ramaiya Jag Rakhware
00481,Reham Nazar Karo Mere Sai
00482,Reham Nazar Karo
00483,Rooh Ke Andar Tu Basta He
00484,Saanson Mein Hari Naam Jinke
00485,Sacchitananda Sadguru Gurunath
00486,Sai Baba Ki Murat Ko
00487,Sai Deva Aaya Ho Chranon Mein Tere
00488,Sai Dhun-Part 1
00489,Sai Ke Dar Pe
00490,Sai Ke Darshan Bade Niraale
00491,Sai Ki Tasveer
00492,Sai Ram Bolo Sai Shyam Bolo
00493,Sai Reham Nazar
00494,Sai Satya Palna
00495,Sai Shirdi Saccha Dhaam
00496,Sampoorna Sunder Kand Paath Part-1
00497,Sampoorna Sunder Kand Paath Part-2
00498,Sankat Mochan Hanuman Ashtak
00499,Sansar Ne Jab Thukraya Tab
00500,Sarkar Ka Khazana
00501,Sarveshwari Jagdishwari Hey Maat Roop Maheshwari
00502,Shabd Brahm Shree Ganesh-Omkaar Shree Ganesh
00503,Shankar Bhole Niradhar Ke Adhar
00504,Sheesh Gang Ardhaang Parvat (Shiv Aarti)
00505,Sheesh Jhuka
00506,Shendur Lal Chadhayo-Ganesh Aarti
00507,Shirdi Ke Sai Baba
00508,Shiv Ji Ki Karo Jaikare
00509,Shiv Ki Bhakti Shiv Ki Shakti
00510,Shivratri Ka Parv
00511,Shree Ganesh Aarti
00512,Shree Hanumatashtottar Shat Naam Stotra
00513,Shree Krishan Naam Dhun
00514,Shree Shiva Moksha Kirtan-Har Har Mahadev
00515,Shri Radhey Govinda
00516,Shri Ram Ram Raghunandan Ram Ram
00517,Shri Rama Jai Rama
00518,Shri Sai 108 Namavali
00519,Shri Sai Archana
00520,Shri Sai Poja
00521,Shri Sai Prathana
00522,Shyam Kaho Sai Kaho
00523,Siddhidata Sri Ganeshaya Namah
00524,Siddhivinayak Chalisa
00525,Sindhur Lal Chadhayo (Hindi Aarti)
00526,Sita Pati Maryada Swami
00527,Suno Suno-Duet
00528,Taruwar Chhanh Teer Jamuna Ke
00529,Tere Dar Ko Chhod Ke (Ram Stuti)
00530,Tere Dwar Khada Aan Milo Mere Sain
00531,Tere Mann Mein
00532,Teri Talash Mein
00533,Tihro Kanhaiya Bole Jhoot
00534,Tridhaswarupini Tum Kehlati
00535,Tumhe Mann Khoj Raha Hai Mahavir
00536,Tumsa Na Balwaan Koi
00537,Uttar Aur Prashnoon Ka Chakkar
00538,Vakratund Prabhu Ek Dant Prabhu
00539,Vandesantam Shree Hanumantam
00540,Vighna Vinashan Hare Ho
