0541,Achyuta Ashtakam
0542,Achyutaya Namaha-Anantaya Namaha-Govindaya Namaha
0543,Aum Gan Ganapatey Namaha
0544,Aum Namah Shivaay (Shiv Mantra)
0545,Aum Shri Sainathay Namaha-Sai Mantra
0546,Ayushya Sooktham
0547,Bhaja Govindam
0548,Bhavani Ashtakam
0549,Devi Mahashakti Navdurga Mahamantra
0550,Durga Suktam-Durga Gayatri
0551,Ganesha Pancharatnam-Chorus
0552,Ganesha Sthavaha
0553,Ganesha Vandana
0554,Ganpathi Stotram
0555,Guru Ashtakam
0556,Hari Om Tatsat-Mahamantra
0557,Jyotirlingam-Dwadash Jyotirlingam Stotram
0558,Kashi Viswanatha Suprabhatam
0559,Lalita Pacharatna Stotra By Adi Shankaracharya
0560,Lalitha Pancharatnam-Chorus
0561,Maha Keerthan
0562,Maha Mritunjaya Mantra 108 Times
0563,Maha Mrutyunjaya Stotram
0564,Nagendra Haraya (Siva Panchakshara Stotram)
0565,Navagraha Stothrani
0566,Nirvana Ashtakam
0567,Om Meditation And Krishan Mantra
0568,Om Namo Bhagavate Vasudevaya
0569,Om Namo Bhagwate Vasudevaya
0570,Om Vighneshwaray Varadaya Surapriyay
0571,Prarthana-Chorus
0572,Rama Raksha Stotram
0573,Rameswaram Ramanatha Suprabhatam
0574,Ravan Krut Shiv Tandav Stotra
0575,Runa Vimochaka Mangala Stotram-Chorus
0576,Sankatahara Ganapathi Stotram
0577,Sarva-Dharman Parityajya
0578,Shanta Karam Bhujaga Shayanam-
0579,Shanti Mantraha
0580,Shatpadi Stotram-Chorus
0581,Shiva Panchakshara Stotram
0582,Shri Ganesh Mahamantra
0583,Shri Ganpati Gayatri
0584,Shri Hanuman Mahamantra
0585,Shri Narayan Mahamantra
0586,Shri Sai Mahamantra
0587,Shri Shani Mahamantra
0588,Shri Shiv Gayatri
0589,Shri Shiv Mahamantra
0590,Shri Suktam-Hari Om Hiranyavarnam
0591,Sree Saraswati Stotram
0592,Sri Sai Nath Ashtothara Shatha Naamavali
0593,Sri Venkatesha Prapathi
0594,Suryashtakam
0595,Throtakashtakam
0596,Tvam-Eva Maataa Ca Pitaa Tvam-Eva
0597,Upadesha Panchakam
0598,Vakra-Tunndda Maha-Kaaya Suurya-Kotti Samaprabha
0599,Vakratund Mahakay-Shaloka
0600,Adipujya-Ganesh Atharvashirshya
0601,Annapurnashtakam
0602,Asato Maa Sadgamaya
0603,Aum Poorna Madam
0604,Aum Shri Hanumate Namaha
0605,Aum Vangme Manase
0606,Danay Laxmi
0607,Devi Ashtakam
0608,Devi Saraswati Mahamantra
0609,Devi Stotra-Dev Trayayk Sanyukta
0610,Gangech Yamune Chaiva Godavari Sarasvati
0611,Gayatri Mantra-Chorus
0612,Guru Mantra
0613,Gurur Brahma Gurur Vishnu Sai Baba Shloka
0614,Gurur Brahma Gurur Vishnu
0615,Karaagre Vasate Lakshmee
0616,Karagre Vasate Lakshmeehi Karamoole Sarasvatee
0617,Karpoor Gauram (Shiv Shloka)
0618,Krishaay Vaasudevaay
0619,Laxmi Gayatri
0620,M Yaa Kundendu Tu Shaarahaara Dhavalaa
0621,Mangalkaarak-Maha Ganpati Stotram Pranamya Shirsa
0622,Manojavam Marut Tulyavegam
0623,Manojavam Maruta Tulya Vegam
0624,Manojavam Marutatulya Vegam Hanuman Mantra
0625,Manojavam
0626,Mudaakaraat Modakam-Ganapati Pancharatna Stotra
0627,Om Chanting
0628,Om Jayanti Mangalakali
0629,Om Saha Nau-Avatu
0630,Om Sarvamagalama Galye Sive Sarvarthasadhike
0631,Om Sarvesham Svastir Bhavatu
0632,Om
0633,Raama Raameti Raameti
0634,Ramantham Bhajeham
0635,Sainath Ashtakam-Sada Sat Swaroopam
0636,Samudra Vasane Devi
0637,Samudravasane Devi
0638,Saraswati Namastubhyam Varade Kamarupini
0639,Shashi Varnam Chaturbhujam
0640,Shiv Ashtakam Stotra-Prabhum Prannaatham
0641,Shiv Gayatri
0642,Shiv Panchakshar Stotra-Mahamantra
0643,Shiv Panchakshar Stotra
0644,Shiva Panchakshar Stotra
0645,Shiva Panchakshra Stotra
0646,Shiva Shakti Krut Ganadheesh Stotram
0647,Shiva Shakti-Ardhnarinateshwar Stotram
0648,Shree Ganpati Arthvarshirsham
0649,Shri Bhagwati Stotram
0650,Shri Gayatri Devi Stotra-Gayatri Dhyaan
0651,Shri Hanuman Gayatri
0652,Shri Kaalika Devi Stotra And Kaali Stuti
0653,Shri Krishna Mahamantra
0654,Shri Rudra Sukta
0655,Shri Stotram
0656,Shri Suktam-Mahalakshmi Gayatri
0657,Shubham Karoti Kalyaanam Aarogyam Dhanasampada
0658,Siddhivinayak Vignanivarak Stotra
0659,The Educator-Shri Saravati Devi Stotra
0660,The Nourisher-Shri Annapoorna Devi Stotra
0661,The Protector-Shri Mahishasurmardini Stotra
0662,Umasuta Namaskaram Trishakti Vandanam
0663,Vasudevsutam Devam
0664,Vedokt Chandra
0665,Vedokt Shiva
0666,Vir Hanuman-Vira Vimshthikyam Shri Hanuman Stotra